model,val_loss,sharpe,annual_return,mdd
tft,0.5987672805786133,1.310397159242237,4.2762594,0.0
transformer,0.6009184718132019,1.3223571005349002,4.3533373,0.0
gru,0.6010560393333435,1.3204631532842366,4.3442264,0.0
lstm,0.6013315916061401,1.3206998324901065,4.345546,0.0
tcn,0.6014580726623535,1.3106195266605123,4.298121,0.0
